cod_provin,provincia,cod_canton,canton,codigo_dta,distrito,Activos,POBLACION_2011,IDS,POSICION,POBLACION_2016,EXTENSION,DENSIDAD,REGION,ActivosPerCapita
1,San José,101,San José,10101,El Carmen,115,2702,81.16,57,3090,1.49,2073.83,CENTRAL,37.21682848
1,San José,101,San José,10107,Uruca,1245,31728,63.87,229,39443,8.35,4723.71,CENTRAL,31.56453617
1,San José,101,San José,10102,Merced,420,12257,67.73,196,14721,2.29,6428.38,CENTRAL,28.53067047
1,San José,110,Alajuelita,11005,San Felipe,865,31649,68.1,190,37220,5.16,7213.18,CENTRAL,23.24019344
1,San José,110,Alajuelita,11001,Alajuelita,282,11988,79.18,69,12875,1.3,9903.85,CENTRAL,21.90291262
1,San José,101,San José,10103,Hospital,444,19270,62.5,250,22895,3.38,6773.67,CENTRAL,19.39288054
2,Alajuela,201,Alajuela,20108,San Rafael,578,26248,69.03,174,31365,19.24,1630.2,CENTRAL,18.42818428
1,San José,110,Alajuelita,11002,San Josecito,219,10506,70.26,157,12005,2.17,5532.26,CENTRAL,18.242399
1,San José,110,Alajuelita,11004,Concepción,372,18721,68.52,182,21550,2.89,7456.75,CENTRAL,17.26218097
1,San José,113,Tibás,11302,Cinco Esquinas,135,5925,64.81,221,7993,0.66,12110.61,CENTRAL,16.88977856
1,San José,101,San José,10109,Pavas,1396,71384,73.72,113,84102,9.34,9004.5,CENTRAL,16.59889182
4,Heredia,401,Heredia,40103,San Francisco,835,49209,74.94,97,55465,6.4,8666.41,CENTRAL,15.0545389
1,San José,101,San José,10104,Catedral,226,12936,76.17,89,15308,2.31,6626.84,CENTRAL,14.76352234
1,San José,113,Tibás,11304,León XIII,260,13661,59.36,286,18657,0.79,23616.46,CENTRAL,13.93578818
1,San José,103,Desamparados,10311,San Rafael Abajo,359,23283,74.6,102,25901,1.99,13015.58,CENTRAL,13.86046871
4,Heredia,403,Santo Domingo,40301,Santo Domingo,64,4730,83.5,40,5120,0.74,6918.92,CENTRAL,12.5
2,Alajuela,202,San Ramón,20212,Zapotal,6,391,46.22,417,489,67.72,7.22,CENTRAL,12.26993865
4,Heredia,403,Santo Domingo,40308,Pará,48,3333,74.76,100,3963,2.71,1462.36,CENTRAL,12.11203634
1,San José,118,Curridabat,11804,Tirrases,234,16247,66.37,206,20177,1.89,10675.66,CENTRAL,11.59736333
1,San José,103,Desamparados,10302,San Miguel,417,31805,68.45,183,36199,21.15,1711.54,CENTRAL,11.51965524
1,San José,101,San José,10111,San Sebastián,503,40065,76.19,88,44707,3.98,11232.91,CENTRAL,11.25103451
3,Cartago,303,La Unión,30301,Tres Ríos,102,9331,88.01,26,9314,2.39,3897.07,CENTRAL,10.95125617
1,San José,103,Desamparados,10313,Los Guido,308,24102,60.51,267,28455,3.09,9208.74,CENTRAL,10.82410824
2,Alajuela,201,Alajuela,20105,Guácima,250,20183,69.79,162,24172,27.92,865.76,CENTRAL,10.34254509
3,Cartago,303,La Unión,30308,Río Azul,140,12010,60.04,276,13659,5.07,2694.08,CENTRAL,10.24965224
4,Heredia,406,San Isidro,40601,San Isidro,64,6113,94.14,7,6272,3.01,2083.72,CENTRAL,10.20408163
1,San José,103,Desamparados,10301,Desamparados,371,33866,81.42,54,36794,3.03,12143.23,CENTRAL,10.08316573
4,Heredia,401,Heredia,40101,Heredia,186,18697,88.16,23,19218,2.83,6790.81,CENTRAL,9.678426475
4,Heredia,403,Santo Domingo,40306,Santa Rosa,83,7269,77.16,82,8654,4.37,1980.32,CENTRAL,9.590940606
3,Cartago,303,La Unión,30306,Dulce Nombre,81,7893,69.61,163,8578,8.35,1027.31,CENTRAL,9.44276055
1,San José,103,Desamparados,10310,Damas,134,13175,78.79,70,14790,2.57,5754.86,CENTRAL,9.060175794
1,San José,109,Santa Ana,10904,Uruca,73,7200,82.02,50,8391,6.96,1205.6,CENTRAL,8.699797402
1,San José,109,Santa Ana,10901,Santa Ana,109,11320,90.22,14,12625,5.17,2441.97,CENTRAL,8.633663366
1,San José,110,Alajuelita,11003,San Antonio,47,4739,62.68,247,5504,9.65,570.36,CENTRAL,8.539244186
4,Heredia,408,Flores,40801,San Joaquín,69,7173,88.69,20,8121,2.88,2819.79,CENTRAL,8.49649058
1,San José,103,Desamparados,10304,San Rafael Arriba,147,15262,75.64,95,17305,3.11,5564.31,CENTRAL,8.494654724
2,Alajuela,201,Alajuela,20109,Río Segundo,105,10794,66.65,205,12517,5.37,2330.91,CENTRAL,8.388591516
1,San José,101,San José,10108,Mata Redonda,82,8313,93.16,8,9895,3.68,2688.86,CENTRAL,8.287013643
1,San José,101,San José,10110,Hatillo,472,50511,68.71,178,57902,4.27,13560.19,CENTRAL,8.151704604
2,Alajuela,210,San Carlos,21006,Pital,176,17318,51.27,374,21823,375.43,58.13,HUETAR NORTE,8.064885671
2,Alajuela,201,Alajuela,20101,Alajuela,377,42975,77.82,75,47255,8.88,5321.51,CENTRAL,7.977991747
1,San José,102,Escazú,10201,Escazú,106,11984,91.54,11,13529,4.38,3088.81,CENTRAL,7.835021066
1,San José,112,Acosta,11202,Guaitil,20,2406,53.33,346,2559,43.88,58.32,CENTRAL,7.81555295
4,Heredia,402,Barva,40201,Barva,39,4997,83.66,38,4996,0.63,7930.16,CENTRAL,7.806244996
4,Heredia,403,Santo Domingo,40302,San Vicente,59,6427,87.28,27,7615,2.8,2719.64,CENTRAL,7.747866054
1,San José,109,Santa Ana,10903,Pozos,146,15585,95.32,6,18872,13.42,1406.26,CENTRAL,7.736328953
1,San José,103,Desamparados,10305,San Antonio,83,9727,86.66,29,10856,2.09,5194.26,CENTRAL,7.645541636
6,Puntarenas,610,Corredores,61002,La Cuesta,36,3906,52.35,358,4867,40.25,120.92,BRUNCA,7.396753647
4,Heredia,401,Heredia,40102,Mercedes,209,25744,90.15,15,28394,4.17,6809.11,CENTRAL,7.360710009
4,Heredia,401,Heredia,40104,Ulloa,242,29266,80.52,60,32982,11.58,2848.19,CENTRAL,7.337335516
4,Heredia,403,Santo Domingo,40307,Tures,30,3452,70.82,151,4166,3.58,1163.69,CENTRAL,7.201152184
2,Alajuela,201,Alajuela,20104,San Antonio,208,24971,72.32,131,29004,8.68,3341.47,CENTRAL,7.171424631
6,Puntarenas,610,Corredores,61003,Canoas,103,11527,43.96,437,14424,122.33,117.91,BRUNCA,7.140876317
2,Alajuela,201,Alajuela,20112,Tambor,93,10992,68.03,192,13032,13.71,950.55,CENTRAL,7.136279926
2,Alajuela,201,Alajuela,20111,Turrucares,63,7630,68.71,179,8893,35.94,247.44,CENTRAL,7.084223547
1,San José,112,Acosta,11201,San Ignacio,65,9016,67.96,193,9183,23.19,395.99,CENTRAL,7.078296853
1,San José,101,San José,10105,Zapote,150,18679,82.86,44,21460,2.85,7529.82,CENTRAL,6.989748369
4,Heredia,404,Santa Bárbara,40401,Santa Bárbara,43,5944,88.03,25,6212,1.29,4815.5,CENTRAL,6.922086285
1,San José,108,Goicoechea,10801,Guadalupe,154,20663,79.68,63,22558,2.48,9095.97,CENTRAL,6.826846352
4,Heredia,405,San Rafael,40501,San Rafael,70,9668,83.2,41,10463,1.35,7750.37,CENTRAL,6.690241804
1,San José,102,Escazú,10203,San Rafael,183,21971,100,1,27436,13.12,2091.16,CENTRAL,6.670068523
1,San José,108,Goicoechea,10807,Purral,221,27464,67.51,199,33186,2.99,11099,CENTRAL,6.659434701
1,San José,103,Desamparados,10307,Patarra,92,11921,69.23,172,13846,15.88,871.91,CENTRAL,6.644518272
1,San José,112,Acosta,11203,Palmichal,33,4581,59.85,280,4990,34.58,144.3,CENTRAL,6.613226453
6,Puntarenas,610,Corredores,61001,Corredor,129,17250,49.13,394,19610,272.19,72.05,BRUNCA,6.57827639
2,Alajuela,201,Alajuela,20102,San José,313,41656,70.72,153,48491,14.57,3328.14,CENTRAL,6.454806046
4,Heredia,408,Flores,40803,Llorente,68,8773,79.59,64,10661,1.79,5955.87,CENTRAL,6.378388519
1,San José,108,Goicoechea,10806,Rancho Redondo,19,2538,71.1,144,3008,12.52,240.26,CENTRAL,6.316489362
4,Heredia,409,San Pablo,40901,San Pablo,131,19412,88.48,21,20974,5.14,4080.54,CENTRAL,6.245828168
1,San José,113,Tibás,11305,Colima,106,13525,76.12,91,17149,1.93,8885.49,CENTRAL,6.181118433
3,Cartago,303,La Unión,30305,Concepción,111,16515,74.66,101,18014,3.68,4895.11,CENTRAL,6.161874098
4,Heredia,405,San Rafael,40502,San Josecito,80,11579,72.61,129,13181,1.23,10716.26,CENTRAL,6.069342235
1,San José,118,Curridabat,11801,Curridabat,194,28817,84.39,37,32413,6.48,5002.01,CENTRAL,5.985252831
1,San José,109,Santa Ana,10902,Salitral,30,4304,70.27,155,5073,20.37,249.04,CENTRAL,5.913660556
2,Alajuela,206,Naranjo,20601,Naranjo,98,15936,73.05,120,16779,17.55,956.07,CENTRAL,5.840634126
1,San José,109,Santa Ana,10905,Piedades,54,8128,84.62,35,9469,12.22,774.88,CENTRAL,5.702819728
4,Heredia,407,Belén,40702,La Ribera,40,6040,84.61,36,7207,4.17,1728.3,CENTRAL,5.550159567
1,San José,108,Goicoechea,10805,Ipis,167,26033,72.52,130,30131,2.77,10877.62,CENTRAL,5.542464571
1,San José,103,Desamparados,10312,Gravilias,91,15024,84.84,32,16555,2.97,5574.07,CENTRAL,5.496828753
1,San José,107,Mora,10703,Tabarcia,22,4703,59.02,290,4062,40.427,100.49,CENTRAL,5.416051206
1,San José,102,Escazú,10202,San Antonio,140,22554,80.9,58,26397,16.99,1553.68,CENTRAL,5.303632989
2,Alajuela,209,Orotina,20903,Hacienda Vieja,6,1022,73.7,114,1151,16.39,70.23,PACÍFICO CENTRAL,5.212858384
3,Cartago,303,La Unión,30302,San Diego,123,21620,67.29,200,23716,8.75,2710.4,CENTRAL,5.186372069
4,Heredia,403,Santo Domingo,40303,San Miguel,39,6363,81.29,56,7520,5.86,1283.28,CENTRAL,5.186170213
1,San José,108,Goicoechea,10802,San Francisco,12,2032,77.54,78,2324,0.5,4648,CENTRAL,5.163511188
1,San José,113,Tibás,11301,San Juan,134,21745,81.31,55,25979,3.38,7686.09,CENTRAL,5.158012241
1,San José,107,Mora,10701,Colón,84,16088,77.25,81,16333,39.942,408.93,CENTRAL,5.142962101
1,San José,109,Santa Ana,10906,Brasil,15,2586,74.89,99,2948,3.28,898.78,CENTRAL,5.088195387
1,San José,107,Mora,10702,Guayabo,23,4449,66.32,207,4539,9.005,504.06,CENTRAL,5.067195417
1,San José,103,Desamparados,10309,Rosario,18,3088,55.09,332,3561,14.68,242.57,CENTRAL,5.054759899
4,Heredia,408,Flores,40802,Barrantes,25,4091,92.46,9,4947,2.29,2160.26,CENTRAL,5.053567819
4,Heredia,407,Belén,40701,San Antonio,57,9942,84.78,33,11293,3.51,3217.38,CENTRAL,5.04737448
4,Heredia,404,Santa Bárbara,40403,San Juan,43,7662,81.45,53,8565,4.43,1933.41,CENTRAL,5.020431991
1,San José,106,Aserrí,10601,Aserrí,145,28191,69.55,165,29292,15.09,1941.15,CENTRAL,4.950157039
1,San José,103,Desamparados,10303,San Juan de Dios,109,19481,68.66,180,22691,2.98,7614.43,CENTRAL,4.803666652
1,San José,118,Curridabat,11802,Granadilla,84,14778,86.45,30,17944,3.41,5262.17,CENTRAL,4.681230495
2,Alajuela,201,Alajuela,20113,Garita,41,7277,73.48,116,8768,33.41,262.44,CENTRAL,4.676094891
4,Heredia,402,Barva,40202,San Pedro,51,9932,70.79,152,10943,7.5,1459.07,CENTRAL,4.66051357
6,Puntarenas,605,Osa,60502,Palmar,45,9815,53.17,349,9672,264.4,36.58,BRUNCA,4.652605459
2,Alajuela,201,Alajuela,20110,Desamparados,142,26109,68.56,181,30755,12.72,2417.85,CENTRAL,4.617135425
4,Heredia,403,Santo Domingo,40304,Paracito,12,2231,71.27,143,2641,1.28,2063.28,CENTRAL,4.543733434
4,Heredia,402,Barva,40204,San Roque,23,4622,82.65,45,5069,1.16,4369.83,CENTRAL,4.537384099
7,Limón,706,Guácimo,70602,Mercedes,10,1707,56.8,307,2205,89.24,24.71,HUETAR CARIBE,4.535147392
4,Heredia,403,Santo Domingo,40305,Santo Tomás,34,6267,88.78,19,7521,3.5,2148.86,CENTRAL,4.520675442
6,Puntarenas,601,Puntarenas,60105,Paquera,35,6686,55.97,320,7829,337.88,23.17,PACÍFICO CENTRAL,4.470558181
1,San José,118,Curridabat,11803,Sánchez,29,5364,99.47,2,6494,4.17,1557.31,CENTRAL,4.46566061
1,San José,106,Aserrí,10602,Tarbaca,7,1446,57.93,296,1585,13.94,113.7,CENTRAL,4.416403785
1,San José,108,Goicoechea,10804,Mata de Plátano,88,17370,79.32,67,20057,7.85,2555.03,CENTRAL,4.387495637
4,Heredia,406,San Isidro,40604,San Francisco,21,4438,77.14,83,4839,4.59,1054.25,CENTRAL,4.339739616
1,San José,115,Montes de Oca,11501,San Pedro,125,23977,88.39,22,29229,4.82,6064.11,CENTRAL,4.276574635
1,San José,111,Vazquez de Coronado,11103,Dulce Nombre de Jesús,48,9744,79.38,66,11255,66.3,169.76,CENTRAL,4.264771213
4,Heredia,407,Belén,40703,La Asunción,30,5651,96.95,3,7044,4.47,1575.84,CENTRAL,4.258943782
2,Alajuela,201,Alajuela,20106,San Isidro,87,17294,63.57,233,20587,35.87,573.93,CENTRAL,4.225967844
2,Alajuela,216,Río Cuarto,21601,Río Cuarto,61,11074,44.75,434,14478,254.2,56.96,HUETAR NORTE,4.213289128
1,San José,106,Aserrí,10603,Vuelta de Jorco,29,6499,60.5,268,6941,22.32,310.98,CENTRAL,4.178072324
4,Heredia,409,San Pablo,40902,Rincón de Sabanilla,39,8259,86.89,28,9396,2.39,3931.38,CENTRAL,4.150702427
4,Heredia,406,San Isidro,40603,Concepción,12,2635,78.6,72,2897,8.07,358.98,CENTRAL,4.142216086
2,Alajuela,206,Naranjo,20604,Cirrí Sur,21,4552,60.48,269,5128,32.1,159.75,CENTRAL,4.095163807
3,Cartago,303,La Unión,30304,San Rafael,62,14247,67.95,194,15249,8.84,1725,CENTRAL,4.065840383
2,Alajuela,208,Poás,20801,San Pedro,32,7554,74.39,105,7919,14.64,540.92,CENTRAL,4.040914257
2,Alajuela,201,Alajuela,20103,Carrizal,33,6856,64.38,228,8188,15.9,514.97,CENTRAL,4.030288227
7,Limón,706,Guácimo,70603,Pocora,31,6432,52.98,350,7787,72.15,107.93,HUETAR CARIBE,3.980993964
2,Alajuela,207,Palmares,20702,Zaragoza,35,8219,81.63,52,9209,8.05,1143.98,CENTRAL,3.800629819
2,Alajuela,205,Atenas,20505,Concepción,15,3473,74.51,103,3952,23.98,164.8,CENTRAL,3.795546559
3,Cartago,307,Oreamuno,30702,Cot,40,9630,60.17,275,10560,15.06,701.2,CENTRAL,3.787878788
2,Alajuela,210,San Carlos,21004,Aguas Zarcas,89,20239,60.56,266,23509,159.4,147.48,HUETAR NORTE,3.785784168
1,San José,111,Vazquez de Coronado,11101,San Isidro,69,16625,84.75,34,18234,5.29,3446.88,CENTRAL,3.78413952
1,San José,115,Montes de Oca,11504,San Rafael,49,9692,77.43,79,12979,7.16,1812.71,CENTRAL,3.775329378
1,San José,108,Goicoechea,10803,Calle Blancos,84,18984,78.35,73,22293,2.39,9327.62,CENTRAL,3.767998923
1,San José,101,San José,10106,San Francisco de Dos Ríos,87,20209,82.87,43,23269,2.68,8682.46,CENTRAL,3.738880055
1,San José,115,Montes de Oca,11502,Sabanilla,50,10775,89.24,17,13560,1.79,7575.42,CENTRAL,3.687315634
4,Heredia,402,Barva,40203,San Pablo,34,8319,76.88,84,9231,6.81,1355.51,CENTRAL,3.683241252
6,Puntarenas,607,Golfito,60701,Golfito,43,11284,53.21,348,11737,345.6,33.96,BRUNCA,3.663627844
1,San José,104,Puriscal,10406,Candelarita,6,1436,62.51,249,1640,24.64,66.56,CENTRAL,3.658536585
6,Puntarenas,601,Puntarenas,60102,Pitahaya,9,2211,52.78,352,2503,115.85,21.61,PACÍFICO CENTRAL,3.595685178
1,San José,111,Vazquez de Coronado,11104,Patalillo,83,20349,82.19,47,23270,1.89,12312.17,CENTRAL,3.566824237
1,San José,103,Desamparados,10308,San Cristobal,16,3905,63.84,231,4530,25.24,179.48,CENTRAL,3.53200883
3,Cartago,303,La Unión,30307,San Ramón,15,4054,79.19,68,4299,4.17,1030.94,CENTRAL,3.489183531
2,Alajuela,205,Atenas,20501,Atenas,27,7546,91.96,10,7822,8.93,875.92,CENTRAL,3.451802608
2,Alajuela,211,Zarcero,21107,Brisas,8,2001,77.75,76,2339,18.17,128.73,CENTRAL,3.420265071
4,Heredia,405,San Rafael,40503,Santiago,33,8409,82.96,42,9650,1.51,6390.73,CENTRAL,3.419689119
3,Cartago,308,El Guarco,30801,El Tejar,88,24984,76.16,90,26117,6.06,4309.74,CENTRAL,3.369452847
2,Alajuela,206,Naranjo,20607,El Rosario,14,3757,67.05,203,4228,16.83,251.22,CENTRAL,3.311258278
1,San José,114,Moravia,11403,La Trinidad,73,19767,76.37,86,22075,4.82,4579.88,CENTRAL,3.306908267
2,Alajuela,202,San Ramón,20202,Santiago,17,4535,61.21,263,5208,60.19,86.53,CENTRAL,3.264208909
3,Cartago,305,Turrialba,30503,Peralta,2,511,49.1,395,613,9.85,62.23,CENTRAL,3.262642741
7,Limón,702,Pococí,70204,Roxana,61,16790,44.98,432,18875,177.09,106.58,HUETAR CARIBE,3.231788079
2,Alajuela,203,Grecia,20301,Grecia,51,14859,76.65,85,15889,6.86,2316.18,CENTRAL,3.209767764
2,Alajuela,207,Palmares,20701,Palmares,12,3599,96.9,5,3741,1.09,3432.11,CENTRAL,3.207698476
2,Alajuela,206,Naranjo,20603,San José,11,3162,67.63,198,3450,20.48,168.46,CENTRAL,3.188405797
4,Heredia,402,Barva,40205,Santa Lucía,25,7413,88.07,24,7889,2.98,2647.32,CENTRAL,3.168969451
2,Alajuela,208,Poás,20804,Carrillos,32,9228,66.03,209,10222,9.3,1099.14,CENTRAL,3.130502837
2,Alajuela,208,Poás,20802,San Juan,16,4638,63.13,237,5149,15.11,340.77,CENTRAL,3.107399495
5,Guanacaste,508,Tilarán,50807,Arenal,8,2300,59.91,279,2622,75.52,34.72,CHOROTEGA,3.051106026
4,Heredia,406,San Isidro,40602,San José,25,7447,82.23,46,8239,11.29,729.76,CENTRAL,3.034348829
2,Alajuela,210,San Carlos,21008,La Tigra,22,6374,62.4,251,7332,60.28,121.63,HUETAR NORTE,3.000545554
2,Alajuela,206,Naranjo,20605,San Jerónimo,11,3264,65.8,211,3733,9.44,395.44,CENTRAL,2.946691669
2,Alajuela,206,Naranjo,20606,San Juan,10,3114,67.2,201,3432,7.02,488.89,CENTRAL,2.913752914
2,Alajuela,203,Grecia,20307,Puente de Piedra,35,10556,68.91,175,12191,22.86,533.29,CENTRAL,2.870970388
4,Heredia,404,Santa Bárbara,40404,Jesús,30,9603,74.08,108,10775,12.61,854.48,CENTRAL,2.784222738
3,Cartago,301,Cartago,30111,Quebradilla,16,5349,62.08,254,5805,18.71,310.26,CENTRAL,2.756244617
6,Puntarenas,601,Puntarenas,60114,Acapulco,4,1296,43.62,439,1465,110.54,13.25,PACÍFICO CENTRAL,2.730375427
2,Alajuela,207,Palmares,20706,Esquipulas,21,6588,70.91,148,7719,5.37,1437.43,CENTRAL,2.720559658
2,Alajuela,202,San Ramón,20201,San Ramón,24,8717,89.08,18,9039,1.29,7006.98,CENTRAL,2.655160969
1,San José,104,Puriscal,10405,San Rafael,5,1730,54.68,336,1916,13.94,137.45,CENTRAL,2.60960334
7,Limón,704,Talamanca,70401,Bratsi,24,7318,34.8,471,9223,179.25,51.45,HUETAR CARIBE,2.602190177
6,Puntarenas,610,Corredores,61004,Laurel,29,9148,45.15,429,11195,185.83,60.24,BRUNCA,2.590442162
6,Puntarenas,611,Garabito,61101,Jacó,41,11685,70.22,158,15891,140.41,113.18,PACÍFICO CENTRAL,2.580076773
1,San José,113,Tibás,11303,Anselmo Llorente,32,9986,83.61,39,12438,1.39,8948.2,CENTRAL,2.572760894
1,San José,104,Puriscal,10402,Mercedes Sur,17,5866,61.46,260,6673,190.87,34.96,CENTRAL,2.547579799
3,Cartago,303,La Unión,30303,San Juan,38,13729,96.94,4,14926,3.58,4169.27,CENTRAL,2.545893072
1,San José,111,Vazquez de Coronado,11105,Cascajal,20,6728,64.91,220,7913,131.39,60.23,CENTRAL,2.527486415
3,Cartago,301,Cartago,30101,Oriental,31,12228,86.23,31,12441,2.39,5205.44,CENTRAL,2.491761112
2,Alajuela,210,San Carlos,21001,Quesada,110,42060,72.63,128,44214,145.31,304.27,HUETAR NORTE,2.48789976
3,Cartago,301,Cartago,30103,Carmen,46,17425,68.36,185,18666,4.22,4423.22,CENTRAL,2.464373728
1,San José,104,Puriscal,10401,Santiago,30,11512,74.41,104,12240,34.58,353.96,CENTRAL,2.450980392
6,Puntarenas,601,Puntarenas,60103,Chomes,15,5522,43.6,440,6181,127.6,48.44,PACÍFICO CENTRAL,2.426791781
7,Limón,706,Guácimo,70604,Río Jiménez,26,8742,45.57,426,10754,110.68,97.16,HUETAR CARIBE,2.41770504
7,Limón,701,Limón,70101,Limón,148,61072,64.76,222,61588,59.76,1030.59,HUETAR CARIBE,2.403065532
2,Alajuela,207,Palmares,20707,La Granja,11,4119,90.4,13,4603,4.57,1007.22,CENTRAL,2.389745818
3,Cartago,307,Oreamuno,30701,San Rafael,68,27248,72.71,126,28484,10.08,2825.79,CENTRAL,2.387305154
1,San José,107,Mora,10705,Picagres,2,675,64.59,224,838,27.28,30.72,CENTRAL,2.386634845
7,Limón,706,Guácimo,70601,Guácimo,55,18326,55.46,324,23093,222,104.02,HUETAR CARIBE,2.3816741
2,Alajuela,210,San Carlos,21005,Venecia,26,9638,63.02,241,10950,145.19,75.42,HUETAR NORTE,2.374429224
7,Limón,701,Limón,70103,Río Blanco,22,8307,46.76,413,9408,133.35,70.55,HUETAR CARIBE,2.338435374
6,Puntarenas,604,Montes de Oro,60401,Miramar,20,8298,72.22,132,8585,125.87,68.21,PACÍFICO CENTRAL,2.329644729
3,Cartago,308,El Guarco,30802,San Isidro,25,9828,52.4,357,10961,129.68,84.52,CENTRAL,2.280813794
1,San José,104,Puriscal,10408,San Antonio,10,3889,63.05,240,4397,16.93,259.72,CENTRAL,2.274277917
1,San José,114,Moravia,11401,San Vicente,73,30998,90.04,16,32135,5.37,5984.17,CENTRAL,2.271666407
2,Alajuela,206,Naranjo,20602,San Miguel,12,4657,65.37,215,5286,15,352.4,CENTRAL,2.27014756
6,Puntarenas,607,Golfito,60703,Guaycará,31,12918,49.6,393,13674,324.66,42.12,BRUNCA,2.267076203
2,Alajuela,202,San Ramón,20204,Piedades Norte,20,8147,72.71,125,8927,45.99,194.11,CENTRAL,2.240394309
2,Alajuela,201,Alajuela,20107,Sabanilla,25,9059,61.8,259,11183,43.32,258.15,CENTRAL,2.235536082
1,San José,106,Aserrí,10607,Salitrillos,33,13676,62.05,255,14799,14.29,1035.62,CENTRAL,2.229880397
2,Alajuela,212,Sarchí,21201,Sarchí Norte,18,7140,74.34,106,8078,15.11,534.61,CENTRAL,2.228274325
2,Alajuela,207,Palmares,20705,Candelaria,5,1961,63.06,239,2272,4.07,558.23,CENTRAL,2.200704225
2,Alajuela,202,San Ramón,20207,San Isidro,12,4478,72.18,133,5499,8.59,640.16,CENTRAL,2.182214948
2,Alajuela,201,Alajuela,20114,Sarapiquí,8,2842,56.08,318,3669,112.9,32.5,HUETAR NORTE,2.180430635
3,Cartago,301,Cartago,30104,San Nicolás,61,25948,69.36,169,28256,28.23,1000.92,CENTRAL,2.158833522
1,San José,104,Puriscal,10404,Grifo Alto,3,1182,55.28,328,1391,25.82,53.87,CENTRAL,2.156721783
1,San José,107,Mora,10704,Piedras Negras,1,379,47.73,405,464,17.89,25.94,CENTRAL,2.155172414
1,San José,116,Turrubares,11603,San Juan de Mata,3,1182,49.1,396,1417,84.48,16.77,CENTRAL,2.117148906
3,Cartago,307,Oreamuno,30705,Santa Rosa,6,2614,59.57,284,2853,149.75,19.05,CENTRAL,2.103049422
6,Puntarenas,605,Osa,60504,Bahía Ballena,7,3306,50.16,386,3338,160.76,20.76,BRUNCA,2.09706411
4,Heredia,405,San Rafael,40504,Ángeles,25,10232,81.81,51,11973,22.07,542.5,CENTRAL,2.088031404
4,Heredia,404,Santa Bárbara,40405,Santo Domingo,7,2879,69.33,170,3379,26.24,128.77,CENTRAL,2.071618822
3,Cartago,301,Cartago,30105,Aguacaliente o San Francisco,71,31789,68.25,189,34482,104.15,331.08,CENTRAL,2.059045299
4,Heredia,404,Santa Bárbara,40402,San Pedro,13,5582,75.73,94,6385,2.48,2574.6,CENTRAL,2.036021926
2,Alajuela,207,Palmares,20703,Buenos Aires,17,7493,78.28,74,8366,6.86,1219.53,CENTRAL,2.032034425
7,Limón,702,Pococí,70201,Guápiles,72,36469,67.86,195,35695,219.97,162.27,HUETAR CARIBE,2.017089228
1,San José,111,Vazquez de Coronado,11102,San Rafael,16,7040,79.88,62,8053,17.33,464.69,CENTRAL,1.986837204
2,Alajuela,210,San Carlos,21002,Florencia,34,15149,60,278,17116,182.15,93.97,HUETAR NORTE,1.986445431
1,San José,112,Acosta,11204,Cangrejal,4,1875,50.33,384,2026,63.98,31.67,CENTRAL,1.974333662
1,San José,112,Acosta,11205,Sabanillas,5,2331,42.86,445,2577,176.61,14.59,CENTRAL,1.94024059
3,Cartago,308,El Guarco,30803,Tobosi,14,6569,69.06,173,7240,21.12,342.8,CENTRAL,1.933701657
2,Alajuela,202,San Ramón,20203,San Juan,24,11695,75.89,93,12494,5.07,2464.3,CENTRAL,1.920922043
1,San José,104,Puriscal,10403,Barbacoas,8,3692,63.48,234,4165,19.09,218.18,CENTRAL,1.920768307
2,Alajuela,203,Grecia,20303,San José,18,8100,73.05,119,9399,12.42,756.76,CENTRAL,1.915097351
3,Cartago,301,Cartago,30106,Guadalupe o Arenilla,30,14618,77.56,77,15794,13.24,1192.9,CENTRAL,1.899455489
4,Heredia,402,Barva,40206,San José de la Montaña,12,5377,70.27,156,6321,34.72,182.06,CENTRAL,1.898433792
2,Alajuela,203,Grecia,20305,Tacares,17,7963,71.07,145,9235,24.84,371.78,CENTRAL,1.840822956
2,Alajuela,208,Poás,20805,Sabana Redonda,5,2343,59.63,283,2735,20.47,133.61,CENTRAL,1.828153565
1,San José,103,Desamparados,10306,Frailes,8,3772,55.82,322,4380,19.48,224.85,CENTRAL,1.826484018
4,Heredia,405,San Rafael,40505,Concepción,13,6077,78.73,71,7205,22.23,324.11,CENTRAL,1.804302568
2,Alajuela,202,San Ramón,20209,Alfaro,14,7137,73.52,115,7814,17.49,446.77,CENTRAL,1.791656002
2,Alajuela,210,San Carlos,21009,La Palmera,13,6321,62.69,246,7256,125.41,57.86,HUETAR NORTE,1.791620728
5,Guanacaste,504,Bagaces,50404,Río Naranjo,2,1015,61.37,261,1135,42.9,26.46,CHOROTEGA,1.762114537
6,Puntarenas,606,Quepos,60603,Naranjito,7,3677,60.32,273,4061,104.64,38.81,PACÍFICO CENTRAL,1.723713371
2,Alajuela,205,Atenas,20502,Jesús,7,3631,70.3,154,4093,16.87,242.62,CENTRAL,1.71023699
6,Puntarenas,601,Puntarenas,60101,Puntarenas,17,8335,70.06,160,9963,35.63,279.62,PACÍFICO CENTRAL,1.706313359
5,Guanacaste,510,La Cruz,51001,La Cruz,20,9195,57.39,302,11763,346.22,33.98,CHOROTEGA,1.700246536
1,San José,120,León Cortés Castro,12006,San Antonio,2,1106,56.14,316,1185,9.98,118.74,CENTRAL,1.687763713
2,Alajuela,205,Atenas,20503,Mercedes,6,3127,71.53,139,3556,8.3,428.43,CENTRAL,1.687289089
1,San José,106,Aserrí,10604,San Gabriel,11,6061,55.25,329,6521,11.77,554.04,CENTRAL,1.686857844
2,Alajuela,208,Poás,20803,San Rafael,10,5436,71.79,137,6065,14.32,423.53,CENTRAL,1.648804617
6,Puntarenas,606,Quepos,60601,Quepos,38,19858,64.46,225,23210,222.89,104.13,PACÍFICO CENTRAL,1.637225334
3,Cartago,305,Turrialba,30502,La Suiza,13,7590,55.4,326,8000,159.8,50.06,CENTRAL,1.625
7,Limón,706,Guácimo,70605,Duacarí,12,6059,41.88,452,7458,82.41,90.5,HUETAR CARIBE,1.609010459
6,Puntarenas,605,Osa,60505,Piedras Blancas,7,4138,40.71,455,4397,257.89,17.05,BRUNCA,1.591994542
7,Limón,703,Siquirres,70303,Florida,4,2184,49.78,392,2526,93.02,27.16,HUETAR CARIBE,1.583531275
2,Alajuela,203,Grecia,20308,Bolivar,13,7265,68.34,187,8323,30.31,274.6,CENTRAL,1.561936802
4,Heredia,404,Santa Bárbara,40406,Purabá,8,4573,74,110,5136,6.16,833.77,CENTRAL,1.557632399
6,Puntarenas,607,Golfito,60704,Pavón,11,6159,32.91,475,7112,363.16,19.58,BRUNCA,1.546681665
1,San José,116,Turrubares,11604,San Luis,1,517,50.53,381,662,44.5,14.88,CENTRAL,1.510574018
3,Cartago,307,Oreamuno,30704,Cipreses,6,3700,57.65,299,3995,8.7,459.2,CENTRAL,1.501877347
2,Alajuela,203,Grecia,20304,San Roque,19,11132,74.95,96,12662,26.14,484.39,CENTRAL,1.500552835
1,San José,117,Dota,11702,Jardín,1,524,54.57,338,676,35.3,19.15,CENTRAL,1.479289941
3,Cartago,301,Cartago,30109,Dulce Nombre,17,10548,80.42,61,11501,39.15,293.77,CENTRAL,1.478132336
2,Alajuela,209,Orotina,20902,El Mastate,3,1821,68.89,176,2033,9.15,222.19,PACÍFICO CENTRAL,1.475651746
3,Cartago,304,Jiménez,30402,Tucurrique,8,4872,57.23,303,5462,36.07,151.43,CENTRAL,1.464664958
3,Cartago,301,Cartago,30102,Occidental,15,9901,82.05,48,10281,1.99,5166.33,CENTRAL,1.459002043
2,Alajuela,213,Upala,21301,Upala,22,16139,51.58,367,15102,139.39,108.34,HUETAR NORTE,1.456760694
2,Alajuela,214,Los Chiles,21401,Los Chiles,26,13262,45.39,428,18196,535.93,33.95,HUETAR NORTE,1.428885469
2,Alajuela,211,Zarcero,21101,Zarcero,6,4004,82.03,49,4277,12.01,356.12,CENTRAL,1.402852467
3,Cartago,306,Alvarado,30601,Pacayas,8,5628,65.73,212,5810,28.77,201.95,CENTRAL,1.376936317
3,Cartago,302,Paraíso,30205,Llanos de Santa Lucía,25,17086,64.43,227,18252,7,2607.43,CENTRAL,1.369712908
6,Puntarenas,602,Esparza,60202,San Juan Grande,7,6171,57.96,295,5153,18.7,275.57,PACÍFICO CENTRAL,1.358431981
1,San José,104,Puriscal,10407,Desamparaditos,1,666,62.57,248,751,6.64,113.1,CENTRAL,1.331557923
5,Guanacaste,503,Santa Cruz,50306,Cuajiniquil,3,1789,52.22,361,2285,232.94,9.81,CHOROTEGA,1.312910284
5,Guanacaste,509,Nandayure,50905,Porvenir,1,741,51.01,375,767,39.58,19.38,CHOROTEGA,1.303780965
1,San José,114,Moravia,11402,San Jerónimo,9,6154,70.06,159,6938,18.43,376.45,CENTRAL,1.297203805
7,Limón,705,Matina,70503,Carrandí,19,12047,46.84,412,14705,205.01,71.73,HUETAR CARIBE,1.292077525
2,Alajuela,202,San Ramón,20206,San Rafael,13,9321,70.88,150,10155,30.83,329.39,CENTRAL,1.280157558
2,Alajuela,207,Palmares,20704,Santiago,4,2737,68.42,184,3132,8.05,389.07,CENTRAL,1.277139208
2,Alajuela,211,Zarcero,21105,Palmira,2,1334,70.93,147,1580,30.29,52.16,CENTRAL,1.265822785
3,Cartago,301,Cartago,30108,Tierra Blanca,7,5103,71.87,136,5568,12.79,435.34,CENTRAL,1.257183908
3,Cartago,301,Cartago,30110,Llano Grande,6,4342,62.26,253,4780,29.81,160.35,CENTRAL,1.255230126
1,San José,116,Turrubares,11602,San Pedro,1,646,54.63,337,806,39.12,20.6,CENTRAL,1.240694789
7,Limón,702,Pococí,70205,Cariari,45,34176,47.92,401,37508,224.29,167.23,HUETAR CARIBE,1.199744055
6,Puntarenas,601,Puntarenas,60112,Chacarita,23,17434,63.13,236,19257,4.84,3978.72,PACÍFICO CENTRAL,1.194370878
5,Guanacaste,507,Abangares,50701,Las Juntas,12,9482,56.4,310,10054,229.35,43.84,CHOROTEGA,1.193554804
2,Alajuela,203,Grecia,20302,San Isidro,8,5949,70.9,149,6766,18.09,374.02,CENTRAL,1.182382501
7,Limón,702,Pococí,70203,Rita,32,24041,43.68,438,27147,469.05,57.88,HUETAR CARIBE,1.178767451
7,Limón,704,Talamanca,70402,Sixaola,13,8861,35.4,470,11187,171.78,65.12,HUETAR CARIBE,1.162063109
2,Alajuela,212,Sarchí,21202,Sarchí Sur,7,5143,64.43,226,6061,6.51,931.03,CENTRAL,1.15492493
6,Puntarenas,605,Osa,60503,Sierpe,4,4205,34.54,472,3514,628.31,5.59,BRUNCA,1.138303927
5,Guanacaste,507,Abangares,50703,San Juan,2,1585,57.91,297,1760,109.17,16.12,CHOROTEGA,1.136363636
2,Alajuela,202,San Ramón,20211,Concepción,3,2348,64.98,219,2673,9,297,CENTRAL,1.122334456
5,Guanacaste,503,Santa Cruz,50303,Veintisiete de Abril,9,7048,59.76,281,8112,300.65,26.98,CHOROTEGA,1.109467456
5,Guanacaste,501,Liberia,50101,Liberia,66,53382,68.06,191,60333,561.57,107.44,CHOROTEGA,1.093928696
1,San José,107,Mora,10707,Quitirrisí,2,1810,60.03,277,1830,26.626,68.73,CENTRAL,1.092896175
2,Alajuela,209,Orotina,20901,Orotina,11,9664,73.82,112,10119,19.99,506.2,PACÍFICO CENTRAL,1.087063939
3,Cartago,305,Turrialba,30504,Santa Cruz,4,3208,46.87,411,3701,127.4,29.05,CENTRAL,1.080788976
6,Puntarenas,604,Montes de Oro,60403,San Isidro,4,3403,65.35,216,3707,58.47,63.4,PACÍFICO CENTRAL,1.079039655
4,Heredia,410,Sarapiquí,41002,La Virgen,15,10521,47.57,406,14104,513.65,27.46,HUETAR NORTE,1.063528077
2,Alajuela,211,Zarcero,21102,Laguna,2,1674,74.03,109,1888,23.08,81.8,CENTRAL,1.059322034
2,Alajuela,205,Atenas,20508,Escobal,1,848,52.34,359,958,26.43,36.25,CENTRAL,1.043841336
1,San José,115,Montes de Oca,11503,Mercedes,6,4688,90.85,12,5893,1.39,4239.57,CENTRAL,1.018157136
6,Puntarenas,602,Esparza,60203,Macacona,5,4742,74.93,98,4935,33.51,147.27,PACÍFICO CENTRAL,1.013171226
5,Guanacaste,508,Tilarán,50802,Quebrada Grande,3,2700,52.74,353,2977,76.02,39.16,CHOROTEGA,1.007725899
7,Limón,701,Limón,70104,Matama,8,7128,48.92,398,7948,339.75,23.39,HUETAR CARIBE,1.006542526
7,Limón,702,Pococí,70202,Jiménez,12,10501,62.76,244,11987,107.72,111.28,HUETAR CARIBE,1.001084508
7,Limón,703,Siquirres,70305,El Cairo,7,6082,39.48,459,7065,106.23,66.51,HUETAR CARIBE,0.990799717
5,Guanacaste,508,Tilarán,50801,Tilarán,9,8677,77.27,80,9090,138.78,65.5,CHOROTEGA,0.99009901
2,Alajuela,215,Guatuso,21504,Katira,6,5127,52.28,360,6061,113.38,53.46,HUETAR NORTE,0.989935654
5,Guanacaste,502,Nicoya,50201,Nicoya,25,24833,63.01,242,25727,311.08,82.7,CHOROTEGA,0.97174175
2,Alajuela,215,Guatuso,21501,San Rafael,9,7941,45.67,424,9322,304.1,30.65,HUETAR NORTE,0.965458056
5,Guanacaste,502,Nicoya,50206,Nosara,6,4912,68.36,186,6241,134.92,46.26,CHOROTEGA,0.961384394
7,Limón,702,Pococí,70207,La Colonia,6,6007,65.72,213,6278,40,156.95,HUETAR CARIBE,0.955718382
2,Alajuela,210,San Carlos,21007,La Fortuna,17,15383,61.2,264,17809,225,79.15,HUETAR NORTE,0.95457353
6,Puntarenas,605,Osa,60501,Puerto Cortés,8,7969,61.26,262,8441,226.19,37.32,BRUNCA,0.947755005
2,Alajuela,215,Guatuso,21503,Cote,1,867,52.4,356,1058,183.74,5.76,HUETAR NORTE,0.945179584
7,Limón,703,Siquirres,70306,La Alegría,6,5656,55.04,334,6487,37.2,174.38,HUETAR CARIBE,0.924926777
7,Limón,704,Talamanca,70404,Telire,7,6240,16.16,481,7633,2223.26,3.43,HUETAR CARIBE,0.917070614
3,Cartago,305,Turrialba,30501,Turrialba,25,26680,71.44,142,27285,56.71,481.13,CENTRAL,0.916254352
6,Puntarenas,605,Osa,60506,Bahía Drake,1,1081,42.68,447,1110,392.69,2.83,BRUNCA,0.900900901
6,Puntarenas,601,Puntarenas,60107,Guacimal,1,923,46.41,415,1117,106.23,10.51,PACÍFICO CENTRAL,0.895255148
1,San José,119,Pérez Zeledón,11910,Río Nuevo,3,3061,42.35,449,3403,240.1,14.17,BRUNCA,0.881575081
7,Limón,703,Siquirres,70301,Siquirres,30,31637,53.23,347,34045,373.25,91.21,HUETAR CARIBE,0.881186665
3,Cartago,302,Paraíso,30204,Cachí,5,5438,65.53,214,5705,36.77,155.15,CENTRAL,0.876424189
4,Heredia,410,Sarapiquí,41001,Puerto Viejo,23,20184,36.67,466,26505,426.73,62.11,HUETAR NORTE,0.8677608
3,Cartago,305,Turrialba,30506,Pavones,4,4331,60.39,272,4620,40.94,112.85,CENTRAL,0.865800866
2,Alajuela,209,Orotina,20905,La Ceiba,2,1922,50.82,378,2311,59.66,38.74,PACÍFICO CENTRAL,0.865426222
2,Alajuela,206,Naranjo,20608,Palmitos,4,4271,65.1,217,4678,8.2,570.49,CENTRAL,0.855066268
7,Limón,704,Talamanca,70403,Cahuita,10,8293,46.17,418,11795,235.64,50.06,HUETAR CARIBE,0.847816872
2,Alajuela,213,Upala,21303,San José O Pizote,7,7352,36.81,464,8351,285.5,29.25,HUETAR NORTE,0.838222967
5,Guanacaste,506,Cañas,50604,Bebedero,2,2084,51.32,373,2446,57.98,42.19,CHOROTEGA,0.817661488
2,Alajuela,210,San Carlos,21011,Cutris,11,10334,46.89,410,13500,873.02,15.46,HUETAR NORTE,0.814814815
3,Cartago,302,Paraíso,30202,Santiago,5,5534,55.23,330,6150,25.34,242.7,CENTRAL,0.81300813
5,Guanacaste,507,Abangares,50704,Colorado,4,4621,62.73,245,4936,195.77,25.21,CHOROTEGA,0.810372771
6,Puntarenas,602,Esparza,60201,Espíritu Santo,16,15686,71.95,135,19828,18.95,1046.34,PACÍFICO CENTRAL,0.806939681
2,Alajuela,202,San Ramón,20210,Volio,2,2270,56.3,311,2539,20.91,121.43,CENTRAL,0.787711698
5,Guanacaste,506,Cañas,50602,Palmira,1,988,40.14,457,1285,204.81,6.27,CHOROTEGA,0.778210117
6,Puntarenas,606,Quepos,60602,Savegre,3,3326,51.37,372,3862,216.24,17.86,PACÍFICO CENTRAL,0.776799586
3,Cartago,306,Alvarado,30603,Capellades,2,2454,69.51,166,2587,36.89,70.13,CENTRAL,0.77309625
2,Alajuela,212,Sarchí,21205,Rodríguez,2,2121,71.45,140,2608,9.8,266.12,CENTRAL,0.766871166
2,Alajuela,204,San Mateo,20404,Labrador,1,1309,73.35,117,1353,21.13,64.03,PACÍFICO CENTRAL,0.7390983
1,San José,119,Pérez Zeledón,11905,San Pedro,7,9102,52.83,351,9606,209.31,45.89,BRUNCA,0.728711222
6,Puntarenas,601,Puntarenas,60115,El Roble,14,15759,72.68,127,19301,7.94,2430.86,PACÍFICO CENTRAL,0.725351018
2,Alajuela,210,San Carlos,21013,Pocosol,13,15395,46.92,409,18006,631.55,28.51,HUETAR NORTE,0.721981562
4,Heredia,410,Sarapiquí,41003,Las Horquetas,22,24331,50.37,383,30696,566.44,54.19,HUETAR NORTE,0.71670576
6,Puntarenas,608,Coto Brus,60803,Aguabuena,5,6286,52.46,355,6982,61.18,114.12,BRUNCA,0.716127184
7,Limón,703,Siquirres,70304,Germania,2,2471,46.16,419,2881,32.46,88.76,HUETAR CARIBE,0.694203402
2,Alajuela,211,Zarcero,21103,Tapesco,1,1305,79.51,65,1466,6.2,236.45,CENTRAL,0.68212824
1,San José,120,León Cortés Castro,12001,San Pablo,3,4209,56.49,309,4423,20.93,211.32,CENTRAL,0.678272666
5,Guanacaste,505,Carrillo,50502,Palmira,4,5416,72.81,124,5986,37.17,161.04,CHOROTEGA,0.66822586
5,Guanacaste,511,Hojancha,51101,Hojancha,3,4245,69.3,171,4506,79.61,56.6,CHOROTEGA,0.665778961
1,San José,116,Turrubares,11601,San Pablo,1,1357,65.09,218,1506,25.89,58.17,CENTRAL,0.664010624
6,Puntarenas,608,Coto Brus,60802,Sabalito,8,10984,47.79,403,12084,186.6,64.76,BRUNCA,0.66203244
6,Puntarenas,601,Puntarenas,60108,Barranca,23,30650,59.72,282,35415,35.07,1009.84,PACÍFICO CENTRAL,0.649442327
6,Puntarenas,609,Parrita,60901,Parrita,12,16115,53.69,345,18692,478.79,39.04,PACÍFICO CENTRAL,0.641985876
6,Puntarenas,602,Esparza,60204,San Rafael,1,1294,62.77,243,1561,34.35,45.44,PACÍFICO CENTRAL,0.64061499
3,Cartago,305,Turrialba,30511,La Isabel,4,6116,56.04,319,6326,20.01,316.14,CENTRAL,0.632311097
1,San José,119,Pérez Zeledón,11911,Paramo,3,4410,47.45,407,4782,206.89,23.11,BRUNCA,0.627352572
6,Puntarenas,601,Puntarenas,60106,Manzanillo,2,2811,50.85,377,3203,58.86,54.42,PACÍFICO CENTRAL,0.624414611
2,Alajuela,205,Atenas,20504,San Isidro,2,2813,57.51,300,3240,14.51,223.29,CENTRAL,0.617283951
3,Cartago,302,Paraíso,30201,Paraíso,13,20601,73.87,111,21107,27.48,768.09,CENTRAL,0.615909414
3,Cartago,306,Alvarado,30602,Cervantes,4,6230,73.21,118,6579,15.4,427.21,CENTRAL,0.607995136
1,San José,120,León Cortés Castro,12002,San Andrés,1,1578,44.25,436,1656,15.95,103.82,CENTRAL,0.603864734
1,San José,119,Pérez Zeledón,11903,Daniel Flores,21,33537,71.45,141,35063,62.11,564.53,BRUNCA,0.598921941
5,Guanacaste,502,Nicoya,50203,San Antonio,4,6642,55.94,321,6933,338.17,20.5,CHOROTEGA,0.576950815
5,Guanacaste,506,Cañas,50601,Cañas,14,20816,64.6,223,24700,193.22,127.83,CHOROTEGA,0.566801619
3,Cartago,304,Jiménez,30401,Juan Viñas,4,6552,69.43,167,7084,41.18,172.03,CENTRAL,0.564652739
5,Guanacaste,505,Carrillo,50503,Sardinal,10,14912,80.63,59,17720,240.45,73.7,CHOROTEGA,0.564334086
7,Limón,701,Limón,70102,Valle de La Estrella,11,17908,28.67,478,19515,1232.93,15.83,HUETAR CARIBE,0.563668973
5,Guanacaste,511,Hojancha,51103,Puerto Carrillo,1,1574,57.23,304,1822,75.5,24.13,CHOROTEGA,0.54884742
2,Alajuela,202,San Ramón,20208,Ángeles,5,8500,60.44,270,9186,385.21,23.85,CENTRAL,0.544306553
5,Guanacaste,501,Liberia,50103,Mayorga,1,1599,45.08,430,1842,226.67,8.13,CHOROTEGA,0.542888165
2,Alajuela,215,Guatuso,21502,Buenavista,1,1573,38.3,462,1864,157.1,11.87,HUETAR NORTE,0.536480687
5,Guanacaste,502,Nicoya,50202,Mansión,3,5717,59.22,288,5737,211.67,27.1,CHOROTEGA,0.522921387
3,Cartago,302,Paraíso,30203,Orosi,5,9084,57.44,301,9766,315.32,30.97,CENTRAL,0.51198034
5,Guanacaste,508,Tilarán,50803,Tronadora,1,1795,66.11,208,1958,122.27,16.01,CHOROTEGA,0.51072523
2,Alajuela,210,San Carlos,21012,Monterrey,2,3455,55.06,333,4010,220.12,18.22,HUETAR NORTE,0.498753117
6,Puntarenas,601,Puntarenas,60104,Lepanto,5,9502,50.18,385,10118,420.46,24.06,PACÍFICO CENTRAL,0.494168808
6,Puntarenas,608,Coto Brus,60801,San Vito,6,14834,61.91,258,12554,76.9,163.26,BRUNCA,0.477935319
5,Guanacaste,504,Bagaces,50401,Bagaces,7,12367,58.14,293,14670,886.72,16.54,CHOROTEGA,0.477164281
2,Alajuela,205,Atenas,20506,San José,1,1940,62.04,256,2166,13.98,154.94,CENTRAL,0.461680517
3,Cartago,305,Turrialba,30512,Chirripó,2,4185,76.1,483,4512,966.54,4.67,CENTRAL,0.443262411
1,San José,119,Pérez Zeledón,11901,San Isidro de El General,21,45327,69.94,161,47680,196.89,242.17,BRUNCA,0.440436242
5,Guanacaste,509,Nandayure,50904,San Pablo,1,2207,56.95,306,2309,76.12,30.33,CHOROTEGA,0.433087917
2,Alajuela,205,Atenas,20507,Santa Eulalia,1,2082,68.87,177,2325,14.19,163.85,CENTRAL,0.430107527
5,Guanacaste,503,Santa Cruz,50309,Tamarindo,3,6375,71.7,138,7299,123.53,59.09,CHOROTEGA,0.411015208
6,Puntarenas,611,Garabito,61102,Tárcoles,3,5544,56.21,315,7534,175.9,42.83,PACÍFICO CENTRAL,0.39819485
6,Puntarenas,603,Buenos Aires,60301,Buenos Aires,10,21063,49.88,389,25224,552.51,45.65,BRUNCA,0.396447827
5,Guanacaste,509,Nandayure,50901,Carmona,1,2486,72.96,121,2528,34.19,73.94,CHOROTEGA,0.39556962
3,Cartago,307,Oreamuno,30703,Potrero Cerrado,1,2281,56.25,314,2536,18.72,135.47,CENTRAL,0.394321767
6,Puntarenas,603,Buenos Aires,60308,Biolley,1,2455,43.6,441,2631,208.34,12.63,BRUNCA,0.380083618
3,Cartago,305,Turrialba,30505,Santa Teresita,2,4744,54.17,342,5293,52.87,100.11,CENTRAL,0.377857548
1,San José,105,Tarrazú,10501,San Marcos,4,9993,59.29,287,10832,42.07,257.48,CENTRAL,0.369276219
5,Guanacaste,501,Liberia,50104,Nacascolo,1,2249,55.09,331,2740,323.57,8.47,CHOROTEGA,0.364963504
5,Guanacaste,510,La Cruz,51002,Santa Cecilia,3,6258,38.71,460,8255,257.68,32.04,CHOROTEGA,0.363416111
2,Alajuela,213,Upala,21302,Aguas Claras,2,4939,49.88,390,5533,407.64,13.57,HUETAR NORTE,0.361467558
1,San José,119,Pérez Zeledón,11907,Pejibaye,2,7995,46.95,408,5911,206.1,28.68,BRUNCA,0.338352225
5,Guanacaste,504,Bagaces,50402,La Fortuna,1,2756,56.66,308,2980,159.33,18.7,CHOROTEGA,0.33557047
3,Cartago,305,Turrialba,30507,Tuis,1,2837,51.39,369,3007,37.56,80.06,CENTRAL,0.332557366
5,Guanacaste,503,Santa Cruz,50301,Santa Cruz,8,21544,66.87,204,25739,272.08,94.6,CHOROTEGA,0.310812386
6,Puntarenas,603,Buenos Aires,60309,Brunka,1,3220,50.89,376,3303,163.8,20.16,BRUNCA,0.302755071
2,Alajuela,209,Orotina,20904,Coyolar,2,5912,51.72,365,6828,36.73,185.9,PACÍFICO CENTRAL,0.292911541
1,San José,104,Puriscal,10409,Chires,1,3031,43.54,442,3465,221.15,15.67,CENTRAL,0.288600289
1,San José,119,Pérez Zeledón,11906,Platanares,2,7203,55.8,323,7072,90.13,78.47,BRUNCA,0.28280543
2,Alajuela,214,Los Chiles,21403,El Amparo,2,5992,40.71,454,7258,310.65,23.36,HUETAR NORTE,0.275558005
6,Puntarenas,602,Esparza,60206,Caldera,1,253,69.58,164,3631,62.01,58.57,PACÍFICO CENTRAL,0.275406224
6,Puntarenas,607,Golfito,60702,Puerto Jiménez,3,8789,43.08,443,11008,720.54,15.28,BRUNCA,0.27252907
5,Guanacaste,501,Liberia,50102,Cañas Dulces,1,3230,63.07,238,3692,243.87,15.14,CHOROTEGA,0.270855905
2,Alajuela,213,Upala,21307,Yolillal,1,3308,42.96,444,3833,147.64,25.96,HUETAR NORTE,0.260892252
6,Puntarenas,603,Buenos Aires,60302,Volcán,1,3815,46.31,416,3839,188.5,20.37,BRUNCA,0.260484501
7,Limón,705,Matina,70502,Batán,5,16532,50.73,379,19247,213.26,90.25,HUETAR CARIBE,0.259780745
3,Cartago,301,Cartago,30107,Corralillo,3,10647,70.94,146,11568,33.09,349.59,CENTRAL,0.2593361
5,Guanacaste,504,Bagaces,50403,Mogote,1,3398,58.46,292,3893,184.54,21.1,CHOROTEGA,0.256871307
6,Puntarenas,608,Coto Brus,60804,Limoncito,1,3591,36.3,467,4116,118.57,34.71,BRUNCA,0.242954325
2,Alajuela,212,Sarchí,21204,San Pedro,1,3408,72.91,122,4122,15.8,260.89,CENTRAL,0.242600679
2,Alajuela,202,San Ramón,20205,Piedades Sur,1,3738,59.06,289,4293,116.45,36.87,CENTRAL,0.23293734
5,Guanacaste,502,Nicoya,50205,Sámara,1,3512,53.8,344,4309,109.51,39.35,CHOROTEGA,0.232072407
1,San José,119,Pérez Zeledón,11908,Cajón,2,8542,52.11,362,9089,118.15,76.93,BRUNCA,0.22004621
6,Puntarenas,601,Puntarenas,60109,Monte Verde,1,4155,65.92,210,4660,52.97,87.97,PACÍFICO CENTRAL,0.214592275
7,Limón,702,Pococí,70206,Colorado,1,3985,28.88,477,4681,1165.37,4.02,HUETAR CARIBE,0.213629566
1,San José,117,Dota,11701,Santa María,1,4621,54.21,341,5022,83.09,60.44,CENTRAL,0.199123855
7,Limón,703,Siquirres,70302,Pacuarito,2,8756,40.16,456,10118,218.03,46.41,HUETAR CARIBE,0.197667523
7,Limón,705,Matina,70501,Matina,2,9142,45.74,422,10174,354.37,28.71,HUETAR CARIBE,0.196579516
2,Alajuela,213,Upala,21305,Delicias,1,4483,41.99,451,5153,97.65,52.77,HUETAR NORTE,0.194061712
5,Guanacaste,503,Santa Cruz,50304,Tempate,1,5630,67.71,197,5770,140.81,40.98,CHOROTEGA,0.173310225
1,San José,119,Pérez Zeledón,11902,El General,1,6373,67.12,202,6800,78.9,86.19,BRUNCA,0.147058824
1,San José,119,Pérez Zeledón,11904,Rivas,1,6591,52.7,354,7234,307.85,23.5,BRUNCA,0.138236107
6,Puntarenas,601,Puntarenas,60111,Cóbano,1,7494,56.26,313,9063,316.61,28.63,PACÍFICO CENTRAL,0.11033874
5,Guanacaste,505,Carrillo,50504,Belén,1,8841,59.36,285,10194,174.91,58.28,CHOROTEGA,0.09809692
6,Puntarenas,608,Coto Brus,60806,Gutiérrez Braun,0,708,41.61,453,4979,235.61,21.13,BRUNCA,0
6,Puntarenas,608,Coto Brus,60805,Pittier,0,2758,32.49,476,3298,255.05,12.93,BRUNCA,0
6,Puntarenas,604,Montes de Oro,60402,La Unión,0,1249,53.83,343,1440,60.42,23.83,PACÍFICO CENTRAL,0
6,Puntarenas,603,Buenos Aires,60307,Chánguena,0,2631,36.03,469,2877,272.88,10.54,BRUNCA,0
6,Puntarenas,603,Buenos Aires,60306,Colinas,0,1371,33.25,474,1423,122.03,11.66,BRUNCA,0
6,Puntarenas,603,Buenos Aires,60305,Pilas,0,1659,38.43,461,1766,110.7,15.95,BRUNCA,0
6,Puntarenas,603,Buenos Aires,60304,Boruca,0,3074,37.22,463,3249,138.03,23.54,BRUNCA,0
6,Puntarenas,603,Buenos Aires,60303,Potrero Grande,0,5956,34.04,473,6427,627.43,10.24,BRUNCA,0
6,Puntarenas,602,Esparza,60205,San Jerónimo,0,751,62.02,257,879,49.95,17.6,PACÍFICO CENTRAL,0
6,Puntarenas,601,Puntarenas,60116,Arancibia,0,665,47.8,402,737,45,16.38,PACÍFICO CENTRAL,0
6,Puntarenas,601,Puntarenas,60113,Chira,0,1576,42.2,450,1628,43,37.86,PACÍFICO CENTRAL,0
5,Guanacaste,511,Hojancha,51104,Huacas,0,707,69.37,168,755,31.46,24,CHOROTEGA,0
5,Guanacaste,511,Hojancha,51102,Monte Romo,0,671,61.15,265,725,74.85,9.69,CHOROTEGA,0
5,Guanacaste,510,La Cruz,51004,Santa Elena,0,2040,54.79,335,2696,507.31,5.31,CHOROTEGA,0
5,Guanacaste,510,La Cruz,51003,La Garita,0,1688,42.63,448,2370,272.69,8.69,CHOROTEGA,0
5,Guanacaste,509,Nandayure,50906,Bejuco,0,3026,50.04,388,3313,262.08,12.64,CHOROTEGA,0
5,Guanacaste,509,Nandayure,50903,Zapotal,0,1215,54.55,339,1258,103.53,12.15,CHOROTEGA,0
5,Guanacaste,509,Nandayure,50902,Santa Rita,0,1446,48.41,399,1463,50.09,29.21,CHOROTEGA,0
5,Guanacaste,508,Tilarán,50806,Tierras Morenas,0,1358,60.2,274,1502,83.46,18,CHOROTEGA,0
5,Guanacaste,508,Tilarán,50805,Líbano,0,865,51.77,364,943,71.23,13.24,CHOROTEGA,0
5,Guanacaste,508,Tilarán,50804,Santa Rosa,0,1945,58.83,291,2099,71.11,29.52,CHOROTEGA,0
5,Guanacaste,507,Abangares,50702,Sierra,0,2351,51.38,370,2679,141.47,18.94,CHOROTEGA,0
5,Guanacaste,506,Cañas,50605,Porozal,0,669,27.46,479,770,105.67,7.29,CHOROTEGA,0
5,Guanacaste,506,Cañas,50603,San Miguel,0,1644,46.06,420,1979,120.52,16.42,CHOROTEGA,0
5,Guanacaste,505,Carrillo,50501,Filadelfia,0,7953,72.87,123,8425,125.01,67.39,CHOROTEGA,0
5,Guanacaste,503,Santa Cruz,50308,Cabo Velas,0,3362,63.41,235,3896,73.12,53.28,CHOROTEGA,0
5,Guanacaste,503,Santa Cruz,50307,Diriá,0,3905,63.82,232,4530,63.8,71,CHOROTEGA,0
5,Guanacaste,503,Santa Cruz,50305,Cartagena,0,3824,76.08,92,4510,74.93,60.19,CHOROTEGA,0
5,Guanacaste,503,Santa Cruz,50302,Bolsón,0,1627,63.85,230,1977,30.41,65.01,CHOROTEGA,0
5,Guanacaste,502,Nicoya,50207,Belén de Nosarita,0,2686,45.92,421,2884,121.4,23.76,CHOROTEGA,0
5,Guanacaste,502,Nicoya,50204,Quebrada Honda,0,2523,50.6,380,2565,106.93,23.99,CHOROTEGA,0
5,Guanacaste,501,Liberia,50105,Curubandé,0,2527,55.33,327,2921,80.79,36.16,CHOROTEGA,0
4,Heredia,410,Sarapiquí,41005,Cureña,0,951,8.55,482,1348,367.51,3.67,HUETAR NORTE,0
4,Heredia,410,Sarapiquí,41004,Llanuras del Gaspar,0,1160,19.27,480,1741,266.21,6.54,HUETAR NORTE,0
4,Heredia,401,Heredia,40105,Varablanca,0,700,50.43,382,889,257.62,3.45,CENTRAL,0
3,Cartago,308,El Guarco,30804,Patio de Agua,0,412,51.47,368,433,10.83,39.98,CENTRAL,0
3,Cartago,305,Turrialba,30510,Tres Equis,0,1808,45.58,425,1943,36.92,52.63,CENTRAL,0
3,Cartago,305,Turrialba,30509,Santa Rosa,0,5232,62.36,252,5652,22.66,249.43,CENTRAL,0
3,Cartago,305,Turrialba,30508,Tayutic,0,2374,49.03,397,2572,111.41,23.09,CENTRAL,0
3,Cartago,304,Jiménez,30403,Pejibaye,0,3245,56.27,312,3622,209.18,17.32,CENTRAL,0
2,Alajuela,214,Los Chiles,21404,San Jorge,0,2673,44.53,435,3191,213.76,14.93,HUETAR NORTE,0
2,Alajuela,214,Los Chiles,21402,Caño Negro,0,1808,45.45,427,2170,298.52,7.27,HUETAR NORTE,0
2,Alajuela,213,Upala,21308,Canalete,0,4109,47.74,404,4353,106.23,40.98,HUETAR NORTE,0
2,Alajuela,213,Upala,21306,Dos Ríos,0,3194,46.69,414,3733,217.93,17.13,HUETAR NORTE,0
2,Alajuela,213,Upala,21304,Bijagua,0,4538,55.42,325,5140,178.69,28.76,HUETAR NORTE,0
2,Alajuela,212,Sarchí,21203,Toro Amarillo,0,273,57.98,294,366,73.03,5.01,CENTRAL,0
2,Alajuela,211,Zarcero,21106,Zapote,0,739,72.13,134,870,43.03,20.22,CENTRAL,0
2,Alajuela,211,Zarcero,21104,Guadalupe,0,1148,42.84,446,1320,22.35,59.06,CENTRAL,0
2,Alajuela,210,San Carlos,21010,Venado,0,1754,45.04,431,2054,167.75,12.24,HUETAR NORTE,0
2,Alajuela,210,San Carlos,21003,Buenavista,0,325,54.53,340,374,37.37,10.01,HUETAR NORTE,0
2,Alajuela,204,San Mateo,20403,Jesús María,0,2397,76.2,87,1399,18.22,76.78,PACÍFICO CENTRAL,0
2,Alajuela,204,San Mateo,20402,Desmonte,0,1047,68.33,188,1110,21.66,51.25,PACÍFICO CENTRAL,0
2,Alajuela,204,San Mateo,20401,San Mateo,0,2692,74.26,107,2992,64.89,46.11,PACÍFICO CENTRAL,0
2,Alajuela,202,San Ramón,20213,Peñas Blancas,0,9289,57.91,298,11385,249.9,45.56,HUETAR NORTE,0
1,San José,120,León Cortés Castro,12005,Santa Cruz,0,1665,48.23,400,2007,21.47,93.48,CENTRAL,0
1,San José,120,León Cortés Castro,12004,San Isidro,0,1531,44.86,433,1751,18.68,93.74,CENTRAL,0
1,San José,120,León Cortés Castro,12003,Llano Bonito,0,2111,40.08,458,2170,33.79,64.22,CENTRAL,0
1,San José,119,Pérez Zeledón,11912,La  Amistad,0,2863,51.37,371,2863,1753,1.63,BRUNCA,0
1,San José,119,Pérez Zeledón,11909,Barú,0,2393,49.82,391,2800,189.08,14.81,BRUNCA,0
1,San José,117,Dota,11703,Copey,0,1803,51.69,366,2028,281.83,7.2,CENTRAL,0
1,San José,116,Turrubares,11605,Carara,0,1810,51.78,363,2141,221.3,9.67,CENTRAL,0
1,San José,107,Mora,10706,Jaris,0,1197,56.12,317,1223,5.52,221.56,CENTRAL,0
1,San José,106,Aserrí,10606,Monterrey,0,498,50.07,387,524,8.1,64.69,CENTRAL,0
1,San José,106,Aserrí,10605,Legua,0,1521,45.7,423,1676,81.59,20.54,CENTRAL,0
1,San José,105,Tarrazú,10503,San Carlos,0,1893,36.78,465,2067,61.31,33.71,CENTRAL,0
1,San José,105,Tarrazú,10502,San Lorenzo,0,4394,36.28,468,5045,194.12,25.99,CENTRAL,0
